SKU,ASIN,FBM
NC-GRD14RTC-CAST,B0DZBYR5FW,0
NC-GRD17RTC-CAST,B0DZC4NZFP,0
NC-GRD11RND-CAST,B0DZBTKNJW,0
NC-GRD17RTC-STEEL,B0DZC7BPLH,0
V06AS006,B0DZNFLBWK,0
V06AS007,B0DZNBFKKY,0
V06AS008,B0DZN5XXXS,0
V06AS009,B0DZNP8LZ8,0
V06AS010,B0DZNKQYVD,0
V06AS011,B0DZNK2HCQ,0
V01GQ003,B0DTTLNSV5,49.99
V01GQ004,B0DTTN1S1K,49.99
V01GQ003S,B0DVQRG6K9,49.99
V01GQ004S,B0DVQR59YL,49.99
V01GQ103S,B0DVQRWBQZ,69.99
V01GQ2002,B0DYSH26NG,0
V01GQ2003,B0DYSZ2K2N,69.99
V01GQ2004,B0DYT67H2V,69.99
V01GQ012,B0F1K981YC,29.99
V01GQ013,B0DZNV52HX,49.99
V01GC5001,B0FBWVG97L,29.99
V06AS005,B0FBWW7CXP,29.99
V01GC001A,B0FBWVLP2N,0
V02GS001,B0F6TVWDVL,19.99
